{
	"credit": "Made with Blockbench",
	"parent": "item/handheld",
	"textures": {
		"particle": "tfc:item/metal/sword/copper",
		"layer0": "tfc:item/metal/sword/copper"
	},
	"gui_light": "front",
	"display": {
		"thirdperson_righthand": {
			"rotation": [0, -90, 47],
			"translation": [0, 5.25, 1.25],
			"scale": [1.07, 1.07, 1.07]
		},
		"thirdperson_lefthand": {
			"rotation": [0, 90, -47],
			"translation": [0, 5.25, 1.25],
			"scale": [1.07, 1.07, 1.07]
		},
		"firstperson_righthand": {
			"rotation": [0, -90, 25],
			"translation": [1.13, 3.2, 1.13],
			"scale": [0.85, 0.85, 0.85]
		},
		"firstperson_lefthand": {
			"rotation": [0, 90, -25],
			"translation": [1.13, 3.2, 1.13],
			"scale": [0.85, 0.85, 0.85]
		},
		"ground": {
			"translation": [0, 2, 0],
			"scale": [0.75, 0.75, 0.75]
		},
		"head": {
			"rotation": [0, 180, 0],
			"translation": [0, 13, 7]
		},
		"fixed": {
			"rotation": [0, 180, 0],
			"scale": [1.07, 1.07, 1.07]
		}
	}
}